id,term,english_term,category,one_sentence_intuition,prerequisites,primary_article,status
arithmetic_intensity,算术强度,Arithmetic Intensity,performance_modeling,每搬运一个 byte 数据完成多少次有效运算,operations|memory_traffic,docs/00_start_here/follow_the_bottleneck.md,seed
bandwidth,带宽,Bandwidth,system,单位时间能够通过边界的数据量,unit|time,docs/00_start_here/follow_the_data.md,seed
latency,延迟,Latency,system,一个请求从发出到可用结果返回所经历的时间,time|queueing,docs/00_start_here/follow_the_data.md,seed
utilization,利用率,Utilization,performance,峰值资源中真正被有效工作占用的比例,throughput|stall,docs/00_start_here/follow_the_bottleneck.md,seed
bottleneck,瓶颈,Bottleneck,master_framework,在给定 workload 与 system boundary 下最先限制目标函数的资源,system_boundary|workload,docs/00_start_here/follow_the_bottleneck.md,seed
pipeline,流水线,Pipeline,cpu_architecture,把instruction处理拆成可重叠阶段以提高吞吐,clock|register,docs/05_cpu/cpu_architecture.md,cornerstone
out_of_order,乱序执行,Out-of-Order Execution,cpu_architecture,在保持程序语义的前提下让已准备好的后续操作先执行,dependency|rob,docs/05_cpu/cpu_architecture.md,cornerstone
rob,重排序缓冲区,Reorder Buffer,cpu_architecture,追踪in-flight instructions并按程序顺序retire,rename|exception,docs/05_cpu/cpu_architecture.md,cornerstone
simt,单指令多线程,SIMT,gpu_architecture,软件写独立threads而hardware按warp共同执行,thread|warp,docs/06_gpu_accelerator/gpu_architecture.md,cornerstone
warp,线程束,Warp,gpu_architecture,GPU共同调度执行的一组threads,thread|simt,docs/06_gpu_accelerator/gpu_architecture.md,cornerstone
occupancy,占用率,Occupancy,gpu_architecture,SM上resident warps相对hardware上限的比例,register|shared_memory,docs/06_gpu_accelerator/gpu_architecture.md,cornerstone
gemm,通用矩阵乘,GEMM,ai_compute,将大量dot products组织为可复用和并行的矩阵运算,matrix|tensor,docs/06_gpu_accelerator/why_matrix_multiplication.md,cornerstone
tiling,分块,Tiling,performance,把大problem切成适配memory hierarchy和parallel hardware的小块,cache|shared_memory,docs/06_gpu_accelerator/why_matrix_multiplication.md,cornerstone
tensor_core,张量核心,Tensor Core,ai_compute,协同执行小矩阵multiply-accumulate tile的专用datapath,gemm|warp,docs/06_gpu_accelerator/tensor_core.md,cornerstone
mma,矩阵乘加,MMA,ai_compute,执行D等于A乘B加C的小矩阵primitive,matrix_fragment|accumulator,docs/06_gpu_accelerator/tensor_core.md,cornerstone
training,训练,Training,ai_workload,通过forward backward和optimizer反复更新模型参数的过程,forward_pass|gradient,docs/07_ai_workloads/training_vs_inference.md,cornerstone
inference,推理,Inference,ai_workload,使用固定模型参数把输入转换成预测或生成结果,trained_model|forward_pass,docs/07_ai_workloads/training_vs_inference.md,cornerstone
prefill,预填充,Prefill,llm_inference,并行处理prompt tokens并建立每层KV状态的阶段,attention|inference,docs/07_ai_workloads/prefill_vs_decode.md,cornerstone
decode,解码,Decode,llm_inference,依赖此前输出逐步生成新token的阶段,prefill|autoregressive,docs/07_ai_workloads/prefill_vs_decode.md,cornerstone
kv_cache,键值缓存,KV Cache,llm_inference,保存历史tokens的attention K和V以避免每步重复计算,attention|decode,docs/07_ai_workloads/prefill_vs_decode.md,cornerstone
memory_hierarchy,存储层级,Memory Hierarchy,memory,用多层不同容量延迟带宽和scope的存储捕获数据局部性,locality|bandwidth,docs/08_memory/memory_hierarchy.md,cornerstone
cache_line,缓存行,Cache Line,memory,cache与相邻层之间一次查找和搬运的基本数据块,cache|spatial_locality,docs/08_memory/memory_hierarchy.md,cornerstone
row_buffer,行缓冲,Row Buffer,dram,保存DRAM bank当前激活整行数据的sense-amplifier阵列,dram_cell|bank,docs/08_memory/dram.md,cornerstone
dram_bank,存储体,DRAM Bank,dram,具有独立row buffer并可与其他banks重叠操作的DRAM子阵列,row_buffer|channel,docs/08_memory/dram.md,cornerstone
refresh,刷新,Refresh,dram,周期性恢复DRAM cell电荷以保持数据,dram_cell|retention,docs/08_memory/dram.md,cornerstone
hbm,高带宽内存,High Bandwidth Memory,memory,通过TSV堆叠DRAM和超宽近封装接口提供高总带宽,dram|tsv,docs/09_hbm/hbm.md,cornerstone
roofline,屋顶线模型,Roofline Model,performance_modeling,用compute roof和bandwidth乘算术强度的memory roof给出性能上界,arithmetic_intensity|bandwidth,docs/08_memory/roofline_model.md,cornerstone
ridge_point,屋脊点,Ridge Point,performance_modeling,compute roof与memory roof相交的算术强度阈值,roofline|peak_compute,docs/08_memory/roofline_model.md,cornerstone
pcie_tlp,事务层数据包,Transaction Layer Packet,io,承载PCIe读写配置和消息语义的packet,pcie|transaction,docs/10_pcie_cxl_io/pcie_vs_cxl.md,cornerstone
cxl_mem,CXL内存协议,CXL.mem,io,让host以memory语义访问device attached memory的协议路径,cxl|coherence,docs/10_pcie_cxl_io/pcie_vs_cxl.md,cornerstone
cache_coherence,缓存一致性,Cache Coherence,architecture,定义多个cache对共享地址更新的可观察一致结果,cache|memory_ordering,docs/10_pcie_cxl_io/pcie_vs_cxl.md,cornerstone
pam4,四电平脉冲幅度调制,PAM4,serdes,每个symbol用四个电平理想承载两个bits,nrz|baud,docs/11_serdes_signal_integrity/serdes.md,cornerstone
equalization,均衡,Equalization,serdes,在TX或RX补偿channel频率响应和码间干扰,transmission_line|isi,docs/11_serdes_signal_integrity/serdes.md,cornerstone
cdr,时钟数据恢复,Clock and Data Recovery,serdes,从接收waveform估计正确sampling frequency和phase,jitter|pll,docs/11_serdes_signal_integrity/serdes.md,cornerstone
fec,前向纠错,Forward Error Correction,serdes,加入冗余使receiver能纠正一定范围内的bit errors,ber|coding,docs/11_serdes_signal_integrity/serdes.md,cornerstone
retimer,重定时器,Retimer,serdes,恢复clock和data后重新发送以重置electrical channel budget,cdr|serdes,docs/11_serdes_signal_integrity/serdes.md,cornerstone
bisection_bandwidth,二分带宽,Bisection Bandwidth,networking,把topology切成两半时跨越切面的总可用带宽,topology|link,docs/12_scale_up/scale_up_vs_scale_out.md,cornerstone
oversubscription,超额订阅,Oversubscription,networking,下行潜在流量总和高于共享上行容量的比例,topology|bandwidth,docs/12_scale_up/scale_up_vs_scale_out.md,cornerstone
all_reduce,全归约,All-Reduce,collective,把各rank输入归约并把结果返回所有ranks,reduce|distributed,docs/12_scale_up/scale_up_vs_scale_out.md,cornerstone
rdma,远程直接内存访问,RDMA,networking,由NIC直接在registered memory之间搬运数据以减少CPU数据路径,dma|nic,docs/13_scale_out_networking/ai_ethernet_rdma.md,cornerstone
roce,基于融合以太网的RDMA,RoCE,networking,在Ethernet上承载RDMA transport语义,rdma|ethernet,docs/13_scale_out_networking/ai_ethernet_rdma.md,cornerstone
ecn,显式拥塞通知,Explicit Congestion Notification,networking,网络在丢包前标记拥塞并让端点降低发送速率,queue|congestion,docs/13_scale_out_networking/ai_ethernet_rdma.md,cornerstone
pfc,基于优先级的流量控制,Priority-based Flow Control,networking,按traffic class发送pause以暂时阻止上游继续发送,ethernet|buffer,docs/13_scale_out_networking/ai_ethernet_rdma.md,cornerstone
incast,汇聚拥塞,Incast,networking,许多senders同步向同一receiver或egress发送造成瞬时过载,congestion|collective,docs/13_scale_out_networking/ai_ethernet_rdma.md,cornerstone
optical_transceiver,光收发模块,Optical Transceiver,optics,在electrical bits与optical signal之间完成双向转换,serdes|fiber,docs/15_optics/datacenter_optics.md,cornerstone
modulator,光调制器,Optical Modulator,optics,把electrical data映射到optical carrier的强度或相位,laser|driver,docs/15_optics/datacenter_optics.md,cornerstone
photodiode,光电二极管,Photodiode,optics,把接收光功率转换为电流,photon|semiconductor,docs/15_optics/datacenter_optics.md,cornerstone
tia,跨阻放大器,Transimpedance Amplifier,optics,把photodiode微弱电流转换并放大为电压信号,photodiode|noise,docs/15_optics/datacenter_optics.md,cornerstone
optical_dsp,光模块数字信号处理器,Optical DSP,optics,完成equalization retiming CDR和link monitoring,dsp|serdes,docs/15_optics/datacenter_optics.md,cornerstone
lpo,线性可插拔光学,Linear Pluggable Optics,optics,用线性analog path减少模块内完整retiming DSP,pluggable_optics|serdes,docs/15_optics/datacenter_optics.md,cornerstone
cpo,共封装光学,Co-Packaged Optics,optics,把optical engines放到switch package附近以缩短高速electrical reach,optics|advanced_packaging,docs/15_optics/datacenter_optics.md,cornerstone
interposer,中介层,Interposer,packaging,在多个dies与HBM之间提供高密度signal和power routing,substrate|routing,docs/16_advanced_packaging/advanced_packaging.md,cornerstone
rdl,重布线层,Redistribution Layer,packaging,把die pads重新扇出并连接到更大pitch或其他dies,metal_routing|package,docs/16_advanced_packaging/advanced_packaging.md,cornerstone
microbump,微凸点,Microbump,packaging,用细间距solder joints连接die与interposer或stack,bump|bonding,docs/16_advanced_packaging/advanced_packaging.md,cornerstone
hybrid_bonding,混合键合,Hybrid Bonding,packaging,同时接合dielectric与metal以形成细间距低parasitic连接,bonding|alignment,docs/16_advanced_packaging/advanced_packaging.md,cornerstone
known_good_die,已知良品裸片,Known-Good-Die,packaging,在昂贵assembly前通过测试筛选出的合格die,wafer_test|yield,docs/16_advanced_packaging/advanced_packaging.md,cornerstone
package_yield,封装良率,Package Yield,manufacturing,投入assembly后最终通过封装和系统测试的good assemblies比例,die_yield|assembly,docs/16_advanced_packaging/advanced_packaging.md,cornerstone
ai_rack,现代AI机柜,Modern AI Rack,rack,把compute network power cooling和control整合为一个可部署计算系统,gpu|network|power|cooling,docs/20_rack_cluster_datacenter/modern_ai_rack.md,cornerstone
busbar,母线,Busbar,power,用低阻导体向rack trays集中分配大电流,voltage|current,docs/20_rack_cluster_datacenter/modern_ai_rack.md,cornerstone
power_shelf,电源架,Power Shelf,power,组合多个PSUs并向rack DC busbar供电,psu|redundancy,docs/20_rack_cluster_datacenter/modern_ai_rack.md,cornerstone
cold_plate,冷板,Cold Plate,thermal,与hot component接触并把heat传给流动coolant,heat_transfer|coolant,docs/20_rack_cluster_datacenter/modern_ai_rack.md,cornerstone
manifold,分配歧管,Manifold,thermal,在rack内向多条tray cooling branches分配和汇集coolant,fluid_flow|pressure,docs/20_rack_cluster_datacenter/modern_ai_rack.md,cornerstone
cdu,冷却液分配单元,Coolant Distribution Unit,thermal,在technology loop与facility loop之间换热泵送过滤和控制,heat_exchanger|pump,docs/20_rack_cluster_datacenter/modern_ai_rack.md,cornerstone
failure_domain,故障域,Failure Domain,reliability,单一failure可能同时影响的一组components或workloads,redundancy|availability,docs/20_rack_cluster_datacenter/modern_ai_rack.md,cornerstone
commissioning,投运调试,Commissioning,operations,在site验证power cooling network firmware和workload acceptance的过程,installation|validation,docs/20_rack_cluster_datacenter/modern_ai_rack.md,cornerstone
packet_pipeline,数据包处理流水线,Packet Processing Pipeline,networking,按parse match action queue schedule顺序处理packet,packet|switch,docs/14_switch_nic_dpu/switch_nic_dpu.md,curriculum
nic,网络接口卡,Network Interface Card,networking,把network link连接到host queues和memory DMA,pcie|dma,docs/14_switch_nic_dpu/switch_nic_dpu.md,curriculum
dpu,数据处理单元,Data Processing Unit,infrastructure,在host之外运行network storage security和management data plane,nic|embedded_cpu,docs/14_switch_nic_dpu/switch_nic_dpu.md,curriculum
offload,卸载,Offload,architecture,把host software工作迁移到专用pipeline engine或embedded cores,cpu|accelerator,docs/14_switch_nic_dpu/switch_nic_dpu.md,curriculum
slow_path,慢速路径,Slow Path,networking,处理table miss exception或复杂control packet的通用处理路径,fast_path|control_plane,docs/14_switch_nic_dpu/switch_nic_dpu.md,curriculum
chiplet,芯粒,Chiplet,packaging,通过标准或定制D2D接口组合成system的功能die,die|advanced_packaging,docs/17_chiplet_3d_integration/chiplet_3d.md,curriculum
die_to_die,裸片间互连,Die-to-Die Interconnect,interconnect,跨package内dies传输data clock control和management的interface,phy|protocol,docs/17_chiplet_3d_integration/chiplet_3d.md,curriculum
ucie,通用芯粒互连,Universal Chiplet Interconnect Express,standard,定义chiplet间PHY和adapter等互操作边界的行业规范,die_to_die|protocol,docs/17_chiplet_3d_integration/chiplet_3d.md,curriculum
active_base_die,有源基底裸片,Active Base Die,packaging,在stack底层承载fabric cache clock或power logic的active silicon,three_d_integration|base_die,docs/17_chiplet_3d_integration/chiplet_3d.md,curriculum
power_delivery,电力输送,Power Delivery,power,从facility到transistor逐级转换分配并稳定power的完整链路,voltage|current,docs/18_power_delivery/power_delivery.md,curriculum
vrm,电压调节模块,Voltage Regulator Module,power,把board DC转换为chip所需低压大电流rails,dc_dc|control_loop,docs/18_power_delivery/power_delivery.md,curriculum
pdn,电力分配网络,Power Delivery Network,power,由VRM planes vias bumps package和on-die grid构成的供电impedance网络,vrm|impedance,docs/18_power_delivery/power_delivery.md,curriculum
voltage_droop,电压下陷,Voltage Droop,power,load transient经过PDN impedance造成的短时rail电压降低,pdn|transient,docs/18_power_delivery/power_delivery.md,curriculum
decoupling,去耦,Decoupling,power,用local capacitance在VRM响应前供应瞬态charge,capacitance|pdn,docs/18_power_delivery/power_delivery.md,curriculum
thermal_resistance,热阻,Thermal Resistance,thermal,单位heat flow在thermal path上造成的temperature rise,heat|temperature,docs/19_thermal_cooling/thermal_cooling.md,curriculum
heat_flux,热流密度,Heat Flux,thermal,单位area必须移除的heat flow,power|area,docs/19_thermal_cooling/thermal_cooling.md,curriculum
technology_cooling_system,技术冷却系统,Technology Cooling System,thermal,位于IT侧并由CDU与facility water隔离的coolant loop,cdu|coolant,docs/19_thermal_cooling/thermal_cooling.md,curriculum
facility_water_system,设施水系统,Facility Water System,thermal,把CDU热量送到facility heat rejection设备的water loop,heat_exchanger|facility,docs/19_thermal_cooling/thermal_cooling.md,curriculum
gpu_kernel,GPU内核,GPU Kernel,gpu,由host提交并在device threads上并行执行的函数,gpu_execution|thread,docs/06_gpu_accelerator/gpu_execution_kernel_performance.md,curriculum
coalescing,内存访问合并,Memory Coalescing,gpu,把warp threads的邻近memory accesses合并为更少physical transactions,warp|memory_transaction,docs/06_gpu_accelerator/gpu_execution_kernel_performance.md,curriculum
register_spill,寄存器溢出,Register Spill,gpu,compiler把无法放入register的thread private values存到local memory,register|local_memory,docs/06_gpu_accelerator/gpu_execution_kernel_performance.md,curriculum
branch_divergence,分支发散,Branch Divergence,gpu,同一warp lanes执行不同control paths导致部分lanes被mask,warp|branch,docs/06_gpu_accelerator/gpu_execution_kernel_performance.md,curriculum
kernel_fusion,内核融合,Kernel Fusion,gpu,把producer consumer operations合并以减少launch和intermediate traffic,kernel|memory_traffic,docs/06_gpu_accelerator/gpu_execution_kernel_performance.md,curriculum
data_parallel,数据并行,Data Parallelism,distributed_training,每个rank处理不同samples并同步gradients,training|gradient,docs/07_ai_workloads/distributed_training_collectives.md,curriculum
tensor_parallel,张量并行,Tensor Parallelism,distributed_training,把单层tensor运算沿维度切分到多个ranks,matrix|collective,docs/07_ai_workloads/distributed_training_collectives.md,curriculum
pipeline_parallel,流水线并行,Pipeline Parallelism,distributed_training,把layers分成stages并让microbatches并发穿过,model_layer|microbatch,docs/07_ai_workloads/distributed_training_collectives.md,curriculum
expert_parallel,专家并行,Expert Parallelism,distributed_training,把MoE experts分布到ranks并通过all-to-all路由tokens,moe|all_to_all,docs/07_ai_workloads/distributed_training_collectives.md,curriculum
all_gather,全收集,All-Gather,collective,收集每rank片段并让所有ranks得到完整聚合结果,collective|rank,docs/07_ai_workloads/distributed_training_collectives.md,curriculum
reduce_scatter,归约散布,Reduce-Scatter,collective,跨ranks归约后把不同结果片段分给各rank,collective|reduce,docs/07_ai_workloads/distributed_training_collectives.md,curriculum
all_to_all,全交换,All-to-All,collective,每个rank向所有destination ranks发送不同data片段,collective|routing,docs/07_ai_workloads/distributed_training_collectives.md,curriculum
wafer_start,晶圆投入,Wafer Start,manufacturing,进入fab process flow的一片wafer投入单位,wafer|process,docs/22_manufacturing_supply_chain/manufacturing_supply_chain.md,curriculum
cycle_time,制造周期,Cycle Time,manufacturing,lot从flow起点到终点经历process queue hold和rework的总时间,wip|queue,docs/22_manufacturing_supply_chain/manufacturing_supply_chain.md,curriculum
target_bin_yield,目标档位良率,Target-bin Yield,manufacturing,满足目标SKU speed power和quality要求的dies占比,yield|binning,docs/22_manufacturing_supply_chain/manufacturing_supply_chain.md,curriculum
capacity_allocation,产能分配,Capacity Allocation,supply_chain,供应商按客户产品和时期预留或承诺manufacturing capacity,capacity|contract,docs/22_manufacturing_supply_chain/manufacturing_supply_chain.md,curriculum
compiler_ir,编译器中间表示,Compiler IR,compiler,在model graph与machine code之间保存可转换semantics的representation,graph|compiler,docs/21_software_hardware_codesign/software_hardware_codesign.md,curriculum
lowering,逐层降级,Lowering,compiler,把high-level operations逐步转换为更target-specific表示,compiler_ir|target,docs/21_software_hardware_codesign/software_hardware_codesign.md,curriculum
autotuning,自动调优,Autotuning,performance,搜索或测量kernel variants以选择target上更优参数,kernel|search_space,docs/21_software_hardware_codesign/software_hardware_codesign.md,curriculum
performance_portability,性能可移植性,Performance Portability,software,同一高层program在不同targets上无需大量重写也能获得合理效率,portability|compiler,docs/21_software_hardware_codesign/software_hardware_codesign.md,curriculum
value_migration,价值迁移,Value Migration,strategy,旧bottleneck解除后margin和scarcity向新constraint移动,bottleneck|scarcity,docs/26_engineering_to_strategy/engineering_to_strategy.md,strategy
value_capture,价值捕获,Value Capture,strategy,技术创造的system value被特定参与者转化为revenue margin或control的过程,value_creation|bargaining,docs/26_engineering_to_strategy/engineering_to_strategy.md,strategy
switching_cost,转换成本,Switching Cost,strategy,客户从一个platform迁移到另一个platform需承担的code validation operations和risk成本,platform|migration,docs/26_engineering_to_strategy/engineering_to_strategy.md,strategy
performance_waterfall,性能瀑布,Performance Waterfall,strategy,把peak逐层乘以software memory network thermal和availability效率得到delivered output,peak|utilization,docs/26_engineering_to_strategy/engineering_to_strategy.md,strategy
claim_decomposition,主张拆解,Claim Decomposition,diligence,把marketing statement改写成带metric boundary baseline status和date的命题,claim|metric,docs/27_technical_diligence/technical_diligence_playbook.md,diligence
evidence_ladder,证据阶梯,Evidence Ladder,diligence,按simulation prototype independent test production和field evidence递增confidence,evidence|product_status,docs/27_technical_diligence/technical_diligence_playbook.md,diligence
falsification,证伪,Falsification,diligence,预先定义能够推翻或显著削弱thesis的observable和threshold,hypothesis|test,docs/27_technical_diligence/technical_diligence_playbook.md,diligence
fermi_estimation,费米估算,Fermi Estimation,quantitative_reasoning,用透明假设和数量级模型快速定位主导变量,units|order_of_magnitude,docs/32_quizzes/fermi_exercises.md,practice
sensitivity_analysis,敏感性分析,Sensitivity Analysis,quantitative_reasoning,改变关键输入观察结论何时翻转以识别决策边界,model|assumption,docs/32_quizzes/fermi_exercises.md,practice
engineer_language_decoder,工程师语言解码,Engineer Language Decoder,communication,把compressed engineering claim还原为boundary metric condition和follow-up,claim|metric,docs/30_engineer_language/engineer_language_decoder.md,practice
decision_gate,决策关卡,Decision Gate,strategy,用预先定义的evidence threshold决定项目是否进入下一阶段,evidence|threshold,docs/28_case_studies/end_to_end_ai_system_case.md,practice
micro_op,微操作,Micro-operation,architecture,复杂指令在微架构内部拆成的更小执行动作,instruction|pipeline|parallelism,docs/04_computer_architecture/cpu_gpu_npu.md,seed
reorder_buffer,重排序缓冲区,Reorder Buffer,architecture,保存未退休操作并维持精确异常和程序可见顺序,instruction|pipeline|parallelism,docs/04_computer_architecture/cpu_gpu_npu.md,seed
branch_target_buffer,分支目标缓冲区,Branch Target Buffer,architecture,缓存分支目标以缩短取指控制转移,instruction|pipeline|parallelism,docs/04_computer_architecture/cpu_gpu_npu.md,seed
load_store_queue,加载存储队列,Load Store Queue,architecture,跟踪未完成内存操作并处理地址依赖,instruction|pipeline|parallelism,docs/04_computer_architecture/cpu_gpu_npu.md,seed
store_buffer,存储缓冲区,Store Buffer,architecture,暂存尚未写入缓存或内存的 store,instruction|pipeline|parallelism,docs/04_computer_architecture/cpu_gpu_npu.md,seed
instruction_level_parallelism,指令级并行,Instruction-level Parallelism,architecture,同一线程中可同时执行的独立操作数量,instruction|pipeline|parallelism,docs/04_computer_architecture/cpu_gpu_npu.md,seed
thread_level_parallelism,线程级并行,Thread-level Parallelism,architecture,通过多个线程隐藏等待并扩大执行供给,instruction|pipeline|parallelism,docs/04_computer_architecture/cpu_gpu_npu.md,seed
control_hazard,控制冒险,Control Hazard,architecture,未知控制流对流水线供给和回滚造成的风险,instruction|pipeline|parallelism,docs/04_computer_architecture/cpu_gpu_npu.md,seed
data_hazard,数据冒险,Data Hazard,architecture,操作之间的读写依赖限制调度和重排,instruction|pipeline|parallelism,docs/04_computer_architecture/cpu_gpu_npu.md,seed
structural_hazard,结构冒险,Structural Hazard,architecture,多个操作竞争同一硬件资源产生的冲突,instruction|pipeline|parallelism,docs/04_computer_architecture/cpu_gpu_npu.md,seed
warp_divergence,Warp 分歧,Warp Divergence,gpu_architecture,同组线程选择不同控制路径导致执行串行化,warp|kernel|memory_hierarchy,docs/06_gpu_accelerator/gpu_execution_kernel_performance.md,seed
memory_coalescing,访存合并,Memory Coalescing,gpu_architecture,把相邻线程请求合并成较少内存事务,warp|kernel|memory_hierarchy,docs/06_gpu_accelerator/gpu_execution_kernel_performance.md,seed
launch_overhead,Kernel 启动开销,Kernel Launch Overhead,gpu_architecture,提交和调度短 kernel 的固定时间成本,warp|kernel|memory_hierarchy,docs/06_gpu_accelerator/gpu_execution_kernel_performance.md,seed
shared_memory_bank_conflict,共享存储 Bank 冲突,Shared-memory Bank Conflict,gpu_architecture,多个线程同周期访问冲突 bank 造成串行,warp|kernel|memory_hierarchy,docs/06_gpu_accelerator/gpu_execution_kernel_performance.md,seed
persistent_kernel,常驻 Kernel,Persistent Kernel,gpu_architecture,长时间驻留设备并自行取得任务的执行模式,warp|kernel|memory_hierarchy,docs/06_gpu_accelerator/gpu_execution_kernel_performance.md,seed
sequence_parallelism,序列并行,Sequence Parallelism,gpu_architecture,沿 sequence 维度切分状态和计算,warp|kernel|memory_hierarchy,docs/06_gpu_accelerator/gpu_execution_kernel_performance.md,seed
expert_parallelism,专家并行,Expert Parallelism,gpu_architecture,把 MoE experts 分布到不同设备并交换 token,warp|kernel|memory_hierarchy,docs/06_gpu_accelerator/gpu_execution_kernel_performance.md,seed
activation_recomputation,激活重计算,Activation Recomputation,gpu_architecture,少存中间激活并在反向阶段重新计算,warp|kernel|memory_hierarchy,docs/06_gpu_accelerator/gpu_execution_kernel_performance.md,seed
dynamic_batching,动态批处理,Dynamic Batching,gpu_architecture,运行时按到达和形状组合请求以提高利用率,warp|kernel|memory_hierarchy,docs/06_gpu_accelerator/gpu_execution_kernel_performance.md,seed
row_hit,行命中,Row Hit,dram,请求访问当前已打开 row 从而避免重新激活,latency|bandwidth|memory_hierarchy,docs/08_memory/dram.md,seed
bank_group,Bank Group,一组共享部分时序或数据路径的 DRAM banks,dram,undefined,latency|bandwidth|memory_hierarchy,docs/08_memory/dram.md,seed
burst_length,突发长度,Burst Length,dram,一次命令连续传输的数据拍数,latency|bandwidth|memory_hierarchy,docs/08_memory/dram.md,seed
refresh_interval,刷新间隔,Refresh Interval,dram,为维持电荷而重新写回 DRAM cell 的时间节奏,latency|bandwidth|memory_hierarchy,docs/08_memory/dram.md,seed
memory_controller,内存控制器,Memory Controller,dram,调度命令并管理 timing refresh ECC 和地址映射,latency|bandwidth|memory_hierarchy,docs/08_memory/dram.md,seed
address_interleaving,地址交织,Address Interleaving,dram,把连续地址分散到 channel bank 或 rank,latency|bandwidth|memory_hierarchy,docs/08_memory/dram.md,seed
write_recovery,写恢复时间,Write Recovery Time,dram,写入后允许 precharge 前需要等待的时序,latency|bandwidth|memory_hierarchy,docs/08_memory/dram.md,seed
scrubbing,内存巡检,Memory Scrubbing,dram,后台读取纠错并回写以减少潜伏错误累积,latency|bandwidth|memory_hierarchy,docs/08_memory/dram.md,seed
poisoned_data,毒化数据,Poisoned Data,dram,携带不可纠正错误标记并阻止静默使用的数据,latency|bandwidth|memory_hierarchy,docs/08_memory/dram.md,seed
dma,直接内存访问,Direct Memory Access,io,设备无需 CPU 搬运每个 byte 即可访问内存,memory|io|coherence,docs/10_pcie_cxl_io/cxl_tiered_memory.md,seed
iommu,输入输出内存管理单元,IOMMU,io,转换和保护设备发起的内存地址,memory|io|coherence,docs/10_pcie_cxl_io/cxl_tiered_memory.md,seed
address_translation_service,地址转换服务,Address Translation Service,io,让设备请求并缓存主机地址转换,memory|io|coherence,docs/10_pcie_cxl_io/cxl_tiered_memory.md,seed
page_fault,缺页异常,Page Fault,io,访问页尚未映射或驻留时触发的软件处理,memory|io|coherence,docs/10_pcie_cxl_io/cxl_tiered_memory.md,seed
pinned_memory,固定页内存,Pinned Memory,io,禁止换出的主机页以提供可预测 DMA,memory|io|coherence,docs/10_pcie_cxl_io/cxl_tiered_memory.md,seed
page_migration,页面迁移,Page Migration,io,在不同 memory tiers 或 NUMA nodes 间移动页,memory|io|coherence,docs/10_pcie_cxl_io/cxl_tiered_memory.md,seed
memory_pooling,内存池化,Memory Pooling,io,多个 host 或 device 按策略共享容量资源,memory|io|coherence,docs/10_pcie_cxl_io/cxl_tiered_memory.md,seed
memory_ordering,内存顺序,Memory Ordering,io,规定操作对不同观察者可见的先后约束,memory|io|coherence,docs/10_pcie_cxl_io/cxl_tiered_memory.md,seed
hot_plug,热插拔,Hot Plug,io,系统运行时增加或移除设备并处理状态变化,memory|io|coherence,docs/10_pcie_cxl_io/cxl_tiered_memory.md,seed
serialization_latency,序列化延迟,Serialization Latency,serdes,把并行数据按链路速率发送所需时间,signal_integrity|channel|ber,docs/11_serdes_signal_integrity/serdes.md,seed
propagation_delay,传播延迟,Propagation Delay,serdes,信号穿过介质和物理距离所需时间,signal_integrity|channel|ber,docs/11_serdes_signal_integrity/serdes.md,seed
insertion_loss,插入损耗,Insertion Loss,serdes,channel 对前向信号幅度造成的衰减,signal_integrity|channel|ber,docs/11_serdes_signal_integrity/serdes.md,seed
return_loss,回波损耗,Return Loss,serdes,阻抗不连续产生反射的量化指标,signal_integrity|channel|ber,docs/11_serdes_signal_integrity/serdes.md,seed
crosstalk,串扰,Crosstalk,serdes,相邻 aggressor 对 victim channel 注入干扰,signal_integrity|channel|ber,docs/11_serdes_signal_integrity/serdes.md,seed
eye_opening,眼图开口,Eye Opening,serdes,采样点附近电压和时间余量的可视化,signal_integrity|channel|ber,docs/11_serdes_signal_integrity/serdes.md,seed
clock_data_recovery,时钟数据恢复,Clock and Data Recovery,serdes,从接收数据中恢复采样时钟和相位,signal_integrity|channel|ber,docs/11_serdes_signal_integrity/serdes.md,seed
forward_error_correction,前向纠错,Forward Error Correction,serdes,用冗余编码在不重传时纠正部分错误,signal_integrity|channel|ber,docs/11_serdes_signal_integrity/serdes.md,seed
bit_error_rate,误码率,Bit Error Rate,serdes,错误 bit 相对传输 bit 的比例,signal_integrity|channel|ber,docs/11_serdes_signal_integrity/serdes.md,seed
head_of_line_blocking,队头阻塞,Head-of-line Blocking,networking,前方受阻工作阻止后续可服务工作前进,packet|queue|topology,docs/13_scale_out_networking/ai_ethernet_rdma.md,seed
cut_through_switching,直通交换,Cut-through Switching,networking,收到部分 frame 后即开始转发以降低延迟,packet|queue|topology,docs/13_scale_out_networking/ai_ethernet_rdma.md,seed
store_and_forward,存储转发,Store-and-forward,networking,完整接收并校验 frame 后再转发,packet|queue|topology,docs/13_scale_out_networking/ai_ethernet_rdma.md,seed
ecn_marking,显式拥塞标记,ECN Marking,networking,在丢包前标记 queue pressure 通知发送端减速,packet|queue|topology,docs/13_scale_out_networking/ai_ethernet_rdma.md,seed
pfc_pause,优先级流控暂停,Priority Flow Control Pause,networking,按 priority 暂停上游发送以避免 buffer 溢出,packet|queue|topology,docs/13_scale_out_networking/ai_ethernet_rdma.md,seed
packet_reordering,数据包乱序,Packet Reordering,networking,不同路径或恢复导致 packet 到达顺序改变,packet|queue|topology,docs/13_scale_out_networking/ai_ethernet_rdma.md,seed
retransmission,重传,Retransmission,networking,检测丢失或错误后再次发送数据,packet|queue|topology,docs/13_scale_out_networking/ai_ethernet_rdma.md,seed
optical_link_budget,光链路预算,Optical Link Budget,networking,发射功率扣除路径损耗和接收要求后的余量,packet|queue|topology,docs/13_scale_out_networking/ai_ethernet_rdma.md,seed
fec_margin,FEC 余量,FEC Margin,networking,相对纠错能力边界仍保留的错误裕量,packet|queue|topology,docs/13_scale_out_networking/ai_ethernet_rdma.md,seed
ir_drop,电阻压降,IR Drop,power,电流经过有限电阻产生的稳态电压损失,voltage|current|power,docs/18_power_delivery/power_delivery.md,seed
inductive_droop,电感性压降,Inductive Droop,power,电流快速变化通过寄生电感产生的瞬态压降,voltage|current|power,docs/18_power_delivery/power_delivery.md,seed
target_impedance,目标阻抗,Target Impedance,power,为限制电压波动而设定的 PDN 阻抗上限,voltage|current|power,docs/18_power_delivery/power_delivery.md,seed
decoupling_capacitor,去耦电容,Decoupling Capacitor,power,在负载附近暂时供能并抑制电压变化,voltage|current|power,docs/18_power_delivery/power_delivery.md,seed
load_line,负载线,Load Line,power,输出电压随负载电流变化的设计关系,voltage|current|power,docs/18_power_delivery/power_delivery.md,seed
phase_shedding,相位关闭,Phase Shedding,power,低负载时关闭部分 VRM phases 提高效率,voltage|current|power,docs/18_power_delivery/power_delivery.md,seed
power_cap,功率上限,Power Cap,power,限制设备允许消耗功率的控制约束,voltage|current|power,docs/18_power_delivery/power_delivery.md,seed
dvfs,动态电压频率调整,Dynamic Voltage and Frequency Scaling,power,按负载和 margin 联合改变电压与频率,voltage|current|power,docs/18_power_delivery/power_delivery.md,seed
brownout,欠压事件,Brownout,power,供电低于安全范围但未完全断电的状态,voltage|current|power,docs/18_power_delivery/power_delivery.md,seed
power_good,电源正常信号,Power Good,power,表示 rail 已进入可接受范围的控制信号,voltage|current|power,docs/18_power_delivery/power_delivery.md,seed
thermal_capacitance,热容,Thermal Capacitance,thermal,系统储存热量并延缓温度变化的能力,heat|temperature|reliability,docs/19_thermal_cooling/thermal_cooling.md,seed
junction_temperature,结温,Junction Temperature,thermal,半导体有源区的工作温度,heat|temperature|reliability,docs/19_thermal_cooling/thermal_cooling.md,seed
thermal_interface_material,热界面材料,Thermal Interface Material,thermal,填充接触微空隙以降低界面热阻,heat|temperature|reliability,docs/19_thermal_cooling/thermal_cooling.md,seed
coolant_flow_rate,冷却液流量,Coolant Flow Rate,thermal,单位时间通过冷却回路的流体量,heat|temperature|reliability,docs/19_thermal_cooling/thermal_cooling.md,seed
pressure_drop,压降,Pressure Drop,thermal,流体经过管路和冷板时损失的压力,heat|temperature|reliability,docs/19_thermal_cooling/thermal_cooling.md,seed
dew_point,露点,Dew Point,thermal,空气水汽开始凝结的温度边界,heat|temperature|reliability,docs/19_thermal_cooling/thermal_cooling.md,seed
flow_imbalance,流量不均,Flow Imbalance,thermal,并联支路因阻抗差获得不同流量,heat|temperature|reliability,docs/19_thermal_cooling/thermal_cooling.md,seed
thermal_throttling,热降频,Thermal Throttling,thermal,温度或热 margin 不足时降低性能,heat|temperature|reliability,docs/19_thermal_cooling/thermal_cooling.md,seed
heat_rejection,排热,Heat Rejection,thermal,把设施吸收的热最终释放到外部环境,heat|temperature|reliability,docs/19_thermal_cooling/thermal_cooling.md,seed
coefficient_thermal_expansion,热膨胀系数,Coefficient of Thermal Expansion,packaging,材料温度变化时尺寸变化的比例,package|yield|test,docs/16_advanced_packaging/advanced_packaging.md,seed
warpage,翘曲,Warpage,packaging,封装或基板因应力产生的非平面变形,package|yield|test,docs/16_advanced_packaging/advanced_packaging.md,seed
underfill,底部填充材料,Underfill,packaging,填充 die 与基板间隙以分散机械应力,package|yield|test,docs/16_advanced_packaging/advanced_packaging.md,seed
bump_pitch,凸点间距,Bump Pitch,packaging,相邻互连 bumps 中心间距离,package|yield|test,docs/16_advanced_packaging/advanced_packaging.md,seed
wafer_sort,晶圆分选,Wafer Sort,packaging,封装前在 wafer 上测试并分类 dies,package|yield|test,docs/16_advanced_packaging/advanced_packaging.md,seed
burn_in,老化筛选,Burn-in,packaging,施加应力以暴露早期失效的测试过程,package|yield|test,docs/16_advanced_packaging/advanced_packaging.md,seed
defect_density,缺陷密度,Defect Density,packaging,单位制造面积中可能导致失效的缺陷水平,package|yield|test,docs/16_advanced_packaging/advanced_packaging.md,seed
process_window,工艺窗口,Process Window,packaging,仍能满足质量要求的参数组合范围,package|yield|test,docs/16_advanced_packaging/advanced_packaging.md,seed
graph_capture,计算图捕获,Graph Capture,compiler,记录运行操作和依赖以便整体优化或重放,graph|compiler|runtime,docs/21_software_hardware_codesign/software_hardware_codesign.md,seed
operator_lowering,算子降级,Operator Lowering,compiler,把高层语义逐步转换为低层实现,graph|compiler|runtime,docs/21_software_hardware_codesign/software_hardware_codesign.md,seed
ir_dialect,中间表示方言,IR Dialect,compiler,为特定抽象层定义操作和类型的 IR 集合,graph|compiler|runtime,docs/21_software_hardware_codesign/software_hardware_codesign.md,seed
shape_specialization,形状特化,Shape Specialization,compiler,针对特定 tensor shape 生成优化代码,graph|compiler|runtime,docs/21_software_hardware_codesign/software_hardware_codesign.md,seed
kernel_cache,Kernel 缓存,Kernel Cache,compiler,保存已编译或已调优 kernel 避免重复成本,graph|compiler|runtime,docs/21_software_hardware_codesign/software_hardware_codesign.md,seed
runtime_scheduler,运行时调度器,Runtime Scheduler,compiler,在设备 stream 和资源间安排工作,graph|compiler|runtime,docs/21_software_hardware_codesign/software_hardware_codesign.md,seed
abi,应用二进制接口,Application Binary Interface,compiler,约定调用、数据布局和二进制兼容,graph|compiler|runtime,docs/21_software_hardware_codesign/software_hardware_codesign.md,seed
device_driver,设备驱动,Device Driver,compiler,在操作系统和硬件之间管理命令与资源,graph|compiler|runtime,docs/21_software_hardware_codesign/software_hardware_codesign.md,seed
firmware,固件,Firmware,compiler,在设备控制处理器上运行的低层软件,graph|compiler|runtime,docs/21_software_hardware_codesign/software_hardware_codesign.md,seed
observability,可观测性,Observability,operations,由外部信号推断系统内部状态的能力,reliability|telemetry|recovery,docs/20_rack_cluster_datacenter/reliability_availability_serviceability.md,seed
distributed_tracing,分布式追踪,Distributed Tracing,operations,关联跨服务和设备的请求时间线,reliability|telemetry|recovery,docs/20_rack_cluster_datacenter/reliability_availability_serviceability.md,seed
canary_release,金丝雀发布,Canary Release,operations,先在小范围部署变更以限制风险,reliability|telemetry|recovery,docs/20_rack_cluster_datacenter/reliability_availability_serviceability.md,seed
rollback,回滚,Rollback,operations,把软件或配置恢复到已知稳定版本,reliability|telemetry|recovery,docs/20_rack_cluster_datacenter/reliability_availability_serviceability.md,seed
fault_injection,故障注入,Fault Injection,operations,主动制造受控错误验证检测和恢复,reliability|telemetry|recovery,docs/20_rack_cluster_datacenter/reliability_availability_serviceability.md,seed
checkpoint,检查点,Checkpoint,operations,保存可恢复状态以避免从头重做,reliability|telemetry|recovery,docs/20_rack_cluster_datacenter/reliability_availability_serviceability.md,seed
graceful_degradation,优雅降级,Graceful Degradation,operations,故障时保留部分功能而非完全中断,reliability|telemetry|recovery,docs/20_rack_cluster_datacenter/reliability_availability_serviceability.md,seed
blast_radius,故障影响范围,Blast Radius,operations,单一事件能够影响的系统和用户边界,reliability|telemetry|recovery,docs/20_rack_cluster_datacenter/reliability_availability_serviceability.md,seed
mttr,平均修复时间,Mean Time to Repair,operations,从故障到恢复服务的平均时长,reliability|telemetry|recovery,docs/20_rack_cluster_datacenter/reliability_availability_serviceability.md,seed
error_budget_burn,错误预算消耗,Error Budget Burn,operations,实际失败相对允许预算的消耗速度,reliability|telemetry|recovery,docs/20_rack_cluster_datacenter/reliability_availability_serviceability.md,seed
standard_profile,标准配置档,Standard Profile,standard,从标准选取一组必选和可选功能的组合,standard|status|evidence,docs/25_standards/standards_to_interoperability.md,seed
optional_feature,可选功能,Optional Feature,standard,规范允许实现选择是否支持的能力,standard|status|evidence,docs/25_standards/standards_to_interoperability.md,seed
compliance_test,符合性测试,Compliance Test,standard,检查实现是否满足规定要求的测试,standard|status|evidence,docs/25_standards/standards_to_interoperability.md,seed
certification,认证,Certification,standard,由指定流程确认产品达到一组条件,standard|status|evidence,docs/25_standards/standards_to_interoperability.md,seed
plugfest,互操作活动,Plugfest,standard,多家实现集中互连以发现组合问题,standard|status|evidence,docs/25_standards/standards_to_interoperability.md,seed
errata,勘误,Errata,standard,发布后确认的规范或实现错误与修正,standard|status|evidence,docs/25_standards/standards_to_interoperability.md,seed
sampling_status,送样状态,Sampling Status,standard,产品已向有限客户提供评估样品,standard|status|evidence,docs/25_standards/standards_to_interoperability.md,seed
production_status,量产状态,Production Status,standard,制造流程已进入正式规模生产阶段,standard|status|evidence,docs/25_standards/standards_to_interoperability.md,seed
shipping_status,出货状态,Shipping Status,standard,产品已向客户实际交付,standard|status|evidence,docs/25_standards/standards_to_interoperability.md,seed
deployed_status,部署状态,Deployed Status,standard,产品已在真实目标环境持续运行,standard|status|evidence,docs/25_standards/standards_to_interoperability.md,seed
design_win,设计导入,Design Win,strategy,客户选择方案进入产品设计但未必形成出货,strategy|economics|diligence,docs/26_engineering_to_strategy/engineering_to_strategy.md,seed
attach_rate,搭载率,Attach Rate,strategy,某组件随目标系统销售或部署的比例,strategy|economics|diligence,docs/26_engineering_to_strategy/engineering_to_strategy.md,seed
content_per_system,单系统价值量,Content per System,strategy,每个系统包含的某类组件数量或金额,strategy|economics|diligence,docs/26_engineering_to_strategy/engineering_to_strategy.md,seed
tam,总体可服务市场上限,Total Addressable Market,strategy,在最宽假设下的总潜在需求,strategy|economics|diligence,docs/26_engineering_to_strategy/engineering_to_strategy.md,seed
sam,可服务可获得市场范围,Serviceable Available Market,strategy,受产品和渠道约束后可服务的市场,strategy|economics|diligence,docs/26_engineering_to_strategy/engineering_to_strategy.md,seed
som,近期可获取市场,Serviceable Obtainable Market,strategy,在竞争和执行约束下可能获得的份额,strategy|economics|diligence,docs/26_engineering_to_strategy/engineering_to_strategy.md,seed
learning_curve,学习曲线,Learning Curve,strategy,累积产出增加时单位成本或缺陷下降的经验关系,strategy|economics|diligence,docs/26_engineering_to_strategy/engineering_to_strategy.md,seed
capex_intensity,资本密集度,Capital Intensity,strategy,扩大收入或产能需要投入资本的程度,strategy|economics|diligence,docs/26_engineering_to_strategy/engineering_to_strategy.md,seed
